Model,Clutter_Level,Image_Name,Num_Detections,Avg_Confidence,TP,FP,FN,Precision,Recall,F1_Score,Avg_IOU
YOLOv8,Level_0,L0_1.png,1,0.877668023109436,1,0,0,1.0,1.0,1.0,0.8861106808615222
YOLOv11,Level_0,L0_1.png,1,0.8740284442901611,1,0,0,1.0,1.0,1.0,0.8532676234508456
YOLOv8,Level_0,L0_2.png,1,0.8703097701072693,1,0,0,1.0,1.0,1.0,0.949350588151414
YOLOv11,Level_0,L0_2.png,1,0.8855689167976379,1,0,0,1.0,1.0,1.0,0.9486743147411587
YOLOv8,Level_0,L0_3.png,1,0.8732644319534302,1,0,0,1.0,1.0,1.0,0.8363778790902521
YOLOv11,Level_0,L0_3.png,1,0.8707361817359924,1,0,0,1.0,1.0,1.0,0.8826943009884511
YOLOv8,Level_0,L0_4.png,1,0.8736490607261658,1,0,0,1.0,1.0,1.0,0.7990808969294155
YOLOv11,Level_0,L0_4.png,1,0.8855357766151428,1,0,0,1.0,1.0,1.0,0.7955882822593393
YOLOv8,Level_0,L0_5.png,1,0.9012115001678467,1,0,0,1.0,1.0,1.0,0.8178890218542478
YOLOv11,Level_0,L0_5.png,1,0.8833445310592651,1,0,0,1.0,1.0,1.0,0.8414714686280541
YOLOv8,Level_0,L0_6.png,1,0.8802961707115173,1,0,0,1.0,1.0,1.0,0.8854715632816345
YOLOv11,Level_0,L0_6.png,1,0.8733978271484375,1,0,0,1.0,1.0,1.0,0.8890045370945454
YOLOv8,Level_0,L0_7.png,1,0.8922041654586792,1,0,0,1.0,1.0,1.0,0.8859782428050317
YOLOv11,Level_0,L0_7.png,1,0.8892142176628113,1,0,0,1.0,1.0,1.0,0.8585881940245714
YOLOv8,Level_0,L0_8.png,1,0.8902732133865356,1,0,0,1.0,1.0,1.0,0.8123578791848175
YOLOv11,Level_0,L0_8.png,1,0.8625878095626831,1,0,0,1.0,1.0,1.0,0.8879204935133317
YOLOv8,Level_0,L0_9.png,1,0.8126307725906372,1,0,0,1.0,1.0,1.0,0.892461890596031
YOLOv11,Level_0,L0_9.png,1,0.7972545027732849,1,0,0,1.0,1.0,1.0,0.8398621946437216
YOLOv8,Level_0,L0_10.png,1,0.8163512945175171,1,0,0,1.0,1.0,1.0,0.7896651924075035
YOLOv11,Level_0,L0_10.png,1,0.840209424495697,1,0,0,1.0,1.0,1.0,0.7748883027721722
YOLOv8,Level_0,L0_11.png,1,0.8630432486534119,1,0,0,1.0,1.0,1.0,0.896283153591606
YOLOv11,Level_0,L0_11.png,1,0.8744655251502991,1,0,0,1.0,1.0,1.0,0.97631988042052
YOLOv8,Level_0,L0_12.png,1,0.8933442831039429,1,0,0,1.0,1.0,1.0,0.8825918288335209
YOLOv11,Level_0,L0_12.png,1,0.8717217445373535,1,0,0,1.0,1.0,1.0,0.8998114207072138
YOLOv8,Level_0,L0_13.png,1,0.8914501070976257,1,0,0,1.0,1.0,1.0,0.8732950692663084
YOLOv11,Level_0,L0_13.png,1,0.8960590362548828,1,0,0,1.0,1.0,1.0,0.8465863517012522
YOLOv8,Level_0,L0_14.png,1,0.8157393336296082,1,0,0,1.0,1.0,1.0,0.9065570161121752
YOLOv11,Level_0,L0_14.png,1,0.8478435277938843,1,0,0,1.0,1.0,1.0,0.9679715315487605
YOLOv8,Level_0,L0_15.png,1,0.8720827698707581,1,0,0,1.0,1.0,1.0,0.9632294156178788
YOLOv11,Level_0,L0_15.png,1,0.8438443541526794,1,0,0,1.0,1.0,1.0,0.8842395517068411
YOLOv8,Level_0,L0_16.png,1,0.8565607070922852,1,0,0,1.0,1.0,1.0,0.8253089377580443
YOLOv11,Level_0,L0_16.png,1,0.8028500080108643,1,0,0,1.0,1.0,1.0,0.7836746246140229
YOLOv8,Level_0,L0_17.png,1,0.8292771577835083,1,0,0,1.0,1.0,1.0,0.7777160680946869
YOLOv11,Level_0,L0_17.png,1,0.8085223436355591,1,0,0,1.0,1.0,1.0,0.8850872814769178
YOLOv8,Level_0,L0_18.png,1,0.9101552367210388,1,0,0,1.0,1.0,1.0,0.8993924187118643
YOLOv11,Level_0,L0_18.png,1,0.8746398687362671,1,0,0,1.0,1.0,1.0,0.9556076203926032
YOLOv8,Level_0,L0_19.png,1,0.8640127182006836,1,0,0,1.0,1.0,1.0,0.8074615162889744
YOLOv11,Level_0,L0_19.png,1,0.8682147860527039,1,0,0,1.0,1.0,1.0,0.8349356122631976
YOLOv8,Level_0,L0_20.png,1,0.8828623294830322,1,0,0,1.0,1.0,1.0,0.9455216858955063
YOLOv11,Level_0,L0_20.png,1,0.8799007534980774,1,0,0,1.0,1.0,1.0,0.9358232695040326
YOLOv8,Level_0,L0_21.png,1,0.8634675741195679,1,0,0,1.0,1.0,1.0,0.8511943828217018
YOLOv11,Level_0,L0_21.png,1,0.8744904398918152,1,0,0,1.0,1.0,1.0,0.82797951218845
YOLOv8,Level_0,L0_22.png,1,0.8800146579742432,1,0,0,1.0,1.0,1.0,0.8992315359948896
YOLOv11,Level_0,L0_22.png,1,0.8189105987548828,1,0,0,1.0,1.0,1.0,0.978187783530474
YOLOv8,Level_0,L0_23.png,1,0.8575169444084167,1,0,0,1.0,1.0,1.0,0.8355357972735709
YOLOv11,Level_0,L0_23.png,1,0.8677151799201965,1,0,0,1.0,1.0,1.0,0.8403675066098596
YOLOv8,Level_0,L0_24.png,1,0.8667683005332947,1,0,0,1.0,1.0,1.0,0.808174451705545
YOLOv11,Level_0,L0_24.png,1,0.8980459570884705,1,0,0,1.0,1.0,1.0,0.8349979104201194
YOLOv8,Level_0,L0_25.png,1,0.8003910183906555,1,0,0,1.0,1.0,1.0,0.776577403280816
YOLOv11,Level_0,L0_25.png,1,0.8550508618354797,1,0,0,1.0,1.0,1.0,0.8536329463630428
YOLOv8,Level_1,L1_1.png,1,0.9118571281433105,1,0,0,1.0,1.0,1.0,0.9888489655144743
YOLOv11,Level_1,L1_1.png,1,0.9148156642913818,1,0,0,1.0,1.0,1.0,0.946063643692573
YOLOv8,Level_1,L1_2.png,1,0.883384644985199,1,0,0,1.0,1.0,1.0,0.9335230521611686
YOLOv11,Level_1,L1_2.png,1,0.8644624352455139,1,0,0,1.0,1.0,1.0,0.9678867077719336
YOLOv8,Level_1,L1_3.png,1,0.8756938576698303,1,0,0,1.0,1.0,1.0,0.8528971247730354
YOLOv11,Level_1,L1_3.png,1,0.8350574374198914,1,0,0,1.0,1.0,1.0,0.9005010816240697
YOLOv8,Level_1,L1_4.png,1,0.9064286947250366,1,0,0,1.0,1.0,1.0,0.8975951564056954
YOLOv11,Level_1,L1_4.png,1,0.8921604156494141,1,0,0,1.0,1.0,1.0,0.9059433165558483
YOLOv8,Level_1,L1_5.png,1,0.8619920015335083,1,0,0,1.0,1.0,1.0,0.8773265487511273
YOLOv11,Level_1,L1_5.png,1,0.8205480575561523,1,0,0,1.0,1.0,1.0,0.8918111884858727
YOLOv8,Level_1,L1_6.png,1,0.8652502298355103,1,0,0,1.0,1.0,1.0,0.8102396091750917
YOLOv11,Level_1,L1_6.png,1,0.8561387062072754,1,0,0,1.0,1.0,1.0,0.807788233901601
YOLOv8,Level_1,L1_7.png,1,0.8427914977073669,1,0,0,1.0,1.0,1.0,0.8687883230595123
YOLOv11,Level_1,L1_7.png,1,0.8430383801460266,1,0,0,1.0,1.0,1.0,0.6997499357179339
YOLOv8,Level_1,L1_8.png,1,0.8628833889961243,1,0,0,1.0,1.0,1.0,0.7905715272081991
YOLOv11,Level_1,L1_8.png,1,0.8576805591583252,1,0,0,1.0,1.0,1.0,0.8273488214529078
YOLOv8,Level_1,L1_9.png,1,0.8529291749000549,1,0,0,1.0,1.0,1.0,0.8322050010570594
YOLOv11,Level_1,L1_9.png,1,0.8342515826225281,1,0,0,1.0,1.0,1.0,0.8547319119770581
YOLOv8,Level_1,L1_10.png,1,0.8726814985275269,1,0,0,1.0,1.0,1.0,0.8240605460213631
YOLOv11,Level_1,L1_10.png,1,0.8781626224517822,1,0,0,1.0,1.0,1.0,0.8452269572174202
YOLOv8,Level_1,L1_11.png,1,0.8941168785095215,1,0,0,1.0,1.0,1.0,0.8550306033891547
YOLOv11,Level_1,L1_11.png,1,0.8685314059257507,1,0,0,1.0,1.0,1.0,0.8792689054627992
YOLOv8,Level_1,L1_12.png,1,0.8572717308998108,1,0,0,1.0,1.0,1.0,0.8543759632482042
YOLOv11,Level_1,L1_12.png,1,0.8368823528289795,1,0,0,1.0,1.0,1.0,0.9230921901908866
YOLOv8,Level_1,L1_13.png,1,0.2997310757637024,1,0,0,1.0,1.0,1.0,0.712138885798874
YOLOv11,Level_1,L1_13.png,1,0.8303480744361877,1,0,0,1.0,1.0,1.0,0.7285262419531232
YOLOv8,Level_1,L1_14.png,1,0.9316688776016235,1,0,0,1.0,1.0,1.0,0.9105723766138604
YOLOv11,Level_1,L1_14.png,1,0.9105743765830994,1,0,0,1.0,1.0,1.0,0.9254682782203046
YOLOv8,Level_1,L1_15.png,1,0.8416274785995483,1,0,0,1.0,1.0,1.0,0.7307125194785274
YOLOv11,Level_1,L1_15.png,1,0.8205181360244751,1,0,0,1.0,1.0,1.0,0.7680533613800425
YOLOv8,Level_1,L1_16.png,1,0.8864489197731018,1,0,0,1.0,1.0,1.0,0.9157959427998207
YOLOv11,Level_1,L1_16.png,1,0.8745267987251282,1,0,0,1.0,1.0,1.0,0.8979407662621113
YOLOv8,Level_1,L1_17.png,1,0.7464064359664917,1,0,0,1.0,1.0,1.0,0.6226028932028335
YOLOv11,Level_1,L1_17.png,1,0.8015119433403015,1,0,0,1.0,1.0,1.0,0.729548709070196
YOLOv8,Level_1,L1_18.png,1,0.885613203048706,1,0,0,1.0,1.0,1.0,0.9253926718333377
YOLOv11,Level_1,L1_18.png,1,0.8763043284416199,1,0,0,1.0,1.0,1.0,0.8518290708982309
YOLOv8,Level_1,L1_19.png,1,0.7144024968147278,0,1,1,0.0,0.0,0.0,0.0
YOLOv11,Level_1,L1_19.png,1,0.4516274631023407,0,1,1,0.0,0.0,0.0,0.0
YOLOv8,Level_1,L1_20.png,0,0.0,0,0,1,0.0,0.0,0.0,0.0
YOLOv11,Level_1,L1_20.png,1,0.8150013089179993,1,0,0,1.0,1.0,1.0,0.8985502909078815
YOLOv8,Level_1,L1_21.png,1,0.7721954584121704,1,0,0,1.0,1.0,1.0,0.8547951809120603
YOLOv11,Level_1,L1_21.png,1,0.8414368629455566,1,0,0,1.0,1.0,1.0,0.7692505042934388
YOLOv8,Level_1,L1_22.png,2,0.6949317455291748,1,1,0,0.5,1.0,0.6666666666666666,0.5832287255919621
YOLOv11,Level_1,L1_22.png,2,0.7636942863464355,1,1,0,0.5,1.0,0.6666666666666666,0.624624480939493
YOLOv8,Level_1,L1_23.png,1,0.8557275533676147,1,0,0,1.0,1.0,1.0,0.8952677393926439
YOLOv11,Level_1,L1_23.png,1,0.832633376121521,1,0,0,1.0,1.0,1.0,0.8603272545535418
YOLOv8,Level_1,L1_24.png,1,0.8638491034507751,1,0,0,1.0,1.0,1.0,0.9102564512283879
YOLOv11,Level_1,L1_24.png,1,0.8447084426879883,1,0,0,1.0,1.0,1.0,0.8738242692783604
YOLOv8,Level_1,L1_25.png,1,0.8790238499641418,1,0,0,1.0,1.0,1.0,0.836983070554363
YOLOv11,Level_1,L1_25.png,1,0.8241184949874878,1,0,0,1.0,1.0,1.0,0.8373744727556791
YOLOv8,Level_2,L2_1.png,1,0.8689886331558228,1,0,0,1.0,1.0,1.0,0.9544137741713834
YOLOv11,Level_2,L2_1.png,2,0.8622696399688721,1,1,0,0.5,1.0,0.6666666666666666,0.9475259010621601
YOLOv8,Level_2,L2_2.png,1,0.8245054483413696,1,0,0,1.0,1.0,1.0,0.7978258101303998
YOLOv11,Level_2,L2_2.png,2,0.7837298512458801,1,1,0,0.5,1.0,0.6666666666666666,0.7317354083061218
YOLOv8,Level_2,L2_3.png,1,0.8639901280403137,1,0,0,1.0,1.0,1.0,0.818911754437138
YOLOv11,Level_2,L2_3.png,2,0.6225940585136414,1,1,0,0.5,1.0,0.6666666666666666,0.8619308552122489
YOLOv8,Level_2,L2_4.png,1,0.6889005303382874,1,0,0,1.0,1.0,1.0,0.815502706496489
YOLOv11,Level_2,L2_4.png,1,0.8615152835845947,0,1,1,0.0,0.0,0.0,0.0
YOLOv8,Level_2,L2_5.png,0,0.0,0,0,1,0.0,0.0,0.0,0.0
YOLOv11,Level_2,L2_5.png,2,0.6674050092697144,1,1,0,0.5,1.0,0.6666666666666666,0.8265407144153798
YOLOv8,Level_2,L2_6.png,1,0.8626562356948853,1,0,0,1.0,1.0,1.0,0.8033608826172064
YOLOv11,Level_2,L2_6.png,2,0.7952830195426941,1,1,0,0.5,1.0,0.6666666666666666,0.835391706111561
YOLOv8,Level_2,L2_7.png,0,0.0,0,0,1,0.0,0.0,0.0,0.0
YOLOv11,Level_2,L2_7.png,2,0.6756844520568848,1,1,0,0.5,1.0,0.6666666666666666,0.8803131908991261
YOLOv8,Level_2,L2_8.png,1,0.8507369160652161,1,0,0,1.0,1.0,1.0,0.7931798755687823
YOLOv11,Level_2,L2_8.png,2,0.8337856531143188,1,1,0,0.5,1.0,0.6666666666666666,0.8075076400027089
YOLOv8,Level_2,L2_9.png,1,0.8777145147323608,1,0,0,1.0,1.0,1.0,0.9288831321551332
YOLOv11,Level_2,L2_9.png,2,0.7695947289466858,1,1,0,0.5,1.0,0.6666666666666666,0.9009469170366579
YOLOv8,Level_2,L2_10.png,1,0.25320178270339966,1,0,0,1.0,1.0,1.0,0.8553315355930363
YOLOv11,Level_2,L2_10.png,2,0.6261650323867798,1,1,0,0.5,1.0,0.6666666666666666,0.8626534454928592
YOLOv8,Level_2,L2_11.png,2,0.6664068698883057,0,2,1,0.0,0.0,0.0,0.0
YOLOv11,Level_2,L2_11.png,1,0.8444395661354065,0,1,1,0.0,0.0,0.0,0.0
YOLOv8,Level_2,L2_12.png,2,0.6839809417724609,1,1,0,0.5,1.0,0.6666666666666666,0.8968613308035771
YOLOv11,Level_2,L2_12.png,2,0.7101768255233765,1,1,0,0.5,1.0,0.6666666666666666,0.8443826092719988
YOLOv8,Level_2,L2_13.png,2,0.8053691387176514,1,1,0,0.5,1.0,0.6666666666666666,0.6162923331645774
YOLOv11,Level_2,L2_13.png,2,0.8445487022399902,1,1,0,0.5,1.0,0.6666666666666666,0.6131034728487275
YOLOv8,Level_2,L2_14.png,2,0.6589901447296143,1,1,0,0.5,1.0,0.6666666666666666,0.7994889676458989
YOLOv11,Level_2,L2_14.png,2,0.8035968542098999,1,1,0,0.5,1.0,0.6666666666666666,0.7494783733624424
YOLOv8,Level_2,L2_15.png,2,0.6023515462875366,1,1,0,0.5,1.0,0.6666666666666666,0.800146629097776
YOLOv11,Level_2,L2_15.png,2,0.6727219820022583,1,1,0,0.5,1.0,0.6666666666666666,0.7490013875777002
YOLOv8,Level_2,L2_16.png,2,0.6455996036529541,1,1,0,0.5,1.0,0.6666666666666666,0.8949591168587302
YOLOv11,Level_2,L2_16.png,1,0.8784404993057251,1,0,0,1.0,1.0,1.0,0.8446596935504789
YOLOv8,Level_2,L2_17.png,3,0.5768378973007202,1,2,0,0.3333333333333333,1.0,0.5,0.835014486645978
YOLOv11,Level_2,L2_17.png,1,0.765163242816925,0,1,1,0.0,0.0,0.0,0.0
YOLOv8,Level_2,L2_18.png,2,0.7137001752853394,1,1,0,0.5,1.0,0.6666666666666666,0.851731854145981
YOLOv11,Level_2,L2_18.png,2,0.8004630208015442,1,1,0,0.5,1.0,0.6666666666666666,0.8341310421217403
YOLOv8,Level_2,L2_19.png,1,0.6564341187477112,0,1,1,0.0,0.0,0.0,0.0
YOLOv11,Level_2,L2_19.png,1,0.8448002338409424,0,1,1,0.0,0.0,0.0,0.0
YOLOv8,Level_2,L2_20.png,1,0.565075695514679,0,1,1,0.0,0.0,0.0,0.0
YOLOv11,Level_2,L2_20.png,1,0.8352392911911011,0,1,1,0.0,0.0,0.0,0.0
YOLOv8,Level_2,L2_21.png,2,0.6656582355499268,1,1,0,0.5,1.0,0.6666666666666666,0.824384873839012
YOLOv11,Level_2,L2_21.png,2,0.7733275890350342,1,1,0,0.5,1.0,0.6666666666666666,0.8231213956101914
YOLOv8,Level_2,L2_22.png,1,0.5776344537734985,1,0,0,1.0,1.0,1.0,0.8591999141259481
YOLOv11,Level_2,L2_22.png,2,0.7750476598739624,1,1,0,0.5,1.0,0.6666666666666666,0.9014481271196562
YOLOv8,Level_2,L2_23.png,1,0.7439786791801453,1,0,0,1.0,1.0,1.0,0.7874539626046577
YOLOv11,Level_2,L2_23.png,2,0.8114290237426758,1,1,0,0.5,1.0,0.6666666666666666,0.7055182344381499
YOLOv8,Level_2,L2_24.png,1,0.8177683353424072,1,0,0,1.0,1.0,1.0,0.7180882160796517
YOLOv11,Level_2,L2_24.png,2,0.7690858840942383,1,1,0,0.5,1.0,0.6666666666666666,0.709960699922601
YOLOv8,Level_2,L2_25.png,1,0.31903019547462463,1,0,0,1.0,1.0,1.0,0.7459008267963311
YOLOv11,Level_2,L2_25.png,2,0.6278252601623535,1,1,0,0.5,1.0,0.6666666666666666,0.6311774267617718
YOLOv8,Level_3,L3_1.png,3,0.7677307724952698,1,2,0,0.3333333333333333,1.0,0.5,0.9648725524668077
YOLOv11,Level_3,L3_1.png,1,0.85655677318573,1,0,0,1.0,1.0,1.0,0.886562534831098
YOLOv8,Level_3,L3_2.png,2,0.6858941912651062,0,2,1,0.0,0.0,0.0,0.0
YOLOv11,Level_3,L3_2.png,2,0.49931997060775757,0,2,1,0.0,0.0,0.0,0.0
YOLOv8,Level_3,L3_3.png,4,0.7572599053382874,1,3,0,0.25,1.0,0.4,0.8139965184859108
YOLOv11,Level_3,L3_3.png,2,0.8430469036102295,1,1,0,0.5,1.0,0.6666666666666666,0.6164035733598462
YOLOv8,Level_3,L3_4.png,3,0.7019017338752747,1,2,0,0.3333333333333333,1.0,0.5,0.6791225001954299
YOLOv11,Level_3,L3_4.png,0,0.0,0,0,1,0.0,0.0,0.0,0.0
YOLOv8,Level_3,L3_5.png,3,0.6250409483909607,1,2,0,0.3333333333333333,1.0,0.5,0.8726065046425744
YOLOv11,Level_3,L3_5.png,1,0.8695612549781799,1,0,0,1.0,1.0,1.0,0.8101626834597508
YOLOv8,Level_3,L3_6.png,2,0.7721136212348938,0,2,1,0.0,0.0,0.0,0.0
YOLOv11,Level_3,L3_6.png,0,0.0,0,0,1,0.0,0.0,0.0,0.0
YOLOv8,Level_3,L3_7.png,2,0.6978532671928406,0,2,1,0.0,0.0,0.0,0.0
YOLOv11,Level_3,L3_7.png,1,0.7972005605697632,1,0,0,1.0,1.0,1.0,0.7525771875293361
YOLOv8,Level_3,L3_8.png,2,0.8200204372406006,1,1,0,0.5,1.0,0.6666666666666666,0.8837977786813265
YOLOv11,Level_3,L3_8.png,1,0.8486542701721191,1,0,0,1.0,1.0,1.0,0.8543114898050856
YOLOv8,Level_3,L3_9.png,2,0.8309997320175171,1,1,0,0.5,1.0,0.6666666666666666,0.8387207244046533
YOLOv11,Level_3,L3_9.png,1,0.7313873767852783,1,0,0,1.0,1.0,1.0,0.8332233776842222
YOLOv8,Level_3,L3_10.png,2,0.820784330368042,1,1,0,0.5,1.0,0.6666666666666666,0.850813252042186
YOLOv11,Level_3,L3_10.png,2,0.583162784576416,1,1,0,0.5,1.0,0.6666666666666666,0.8942157330443735
YOLOv8,Level_3,L3_11.png,2,0.5662660598754883,0,2,1,0.0,0.0,0.0,0.0
YOLOv11,Level_3,L3_11.png,2,0.3435978293418884,0,2,1,0.0,0.0,0.0,0.0
YOLOv8,Level_3,L3_12.png,2,0.813788890838623,1,1,0,0.5,1.0,0.6666666666666666,0.8796061268193694
YOLOv11,Level_3,L3_12.png,2,0.5759350061416626,1,1,0,0.5,1.0,0.6666666666666666,0.8819312773766549
YOLOv8,Level_3,L3_13.png,2,0.5749213695526123,1,1,0,0.5,1.0,0.6666666666666666,0.8476118102182295
YOLOv11,Level_3,L3_13.png,1,0.5696750283241272,1,0,0,1.0,1.0,1.0,0.8230374867504617
YOLOv8,Level_3,L3_14.png,2,0.8231809139251709,1,1,0,0.5,1.0,0.6666666666666666,0.6395068349737846
YOLOv11,Level_3,L3_14.png,1,0.8411507606506348,1,0,0,1.0,1.0,1.0,0.6438827620521045
YOLOv8,Level_3,L3_15.png,2,0.8264026045799255,1,1,0,0.5,1.0,0.6666666666666666,0.8520516375368183
YOLOv11,Level_3,L3_15.png,1,0.8491019606590271,1,0,0,1.0,1.0,1.0,0.9159880174309712
YOLOv8,Level_3,L3_16.png,2,0.8285746574401855,1,1,0,0.5,1.0,0.6666666666666666,0.9016685379794921
YOLOv11,Level_3,L3_16.png,2,0.5700407028198242,1,1,0,0.5,1.0,0.6666666666666666,0.8523347602831235
YOLOv8,Level_3,L3_17.png,2,0.7340608835220337,1,1,0,0.5,1.0,0.6666666666666666,0.7901424964286841
YOLOv11,Level_3,L3_17.png,1,0.8549168109893799,1,0,0,1.0,1.0,1.0,0.8603689719679528
YOLOv8,Level_3,L3_18.png,2,0.47756290435791016,0,2,1,0.0,0.0,0.0,0.0
YOLOv11,Level_3,L3_18.png,1,0.7914879322052002,1,0,0,1.0,1.0,1.0,0.7599011165847351
YOLOv8,Level_3,L3_19.png,2,0.8120641708374023,1,1,0,0.5,1.0,0.6666666666666666,0.8706558548466361
YOLOv11,Level_3,L3_19.png,2,0.546223521232605,1,1,0,0.5,1.0,0.6666666666666666,0.8804498337633948
YOLOv8,Level_3,L3_20.png,1,0.6454409956932068,0,1,1,0.0,0.0,0.0,0.0
YOLOv11,Level_3,L3_20.png,1,0.8208465576171875,1,0,0,1.0,1.0,1.0,0.6451271941602646
YOLOv8,Level_3,L3_21.png,1,0.6877172589302063,0,1,1,0.0,0.0,0.0,0.0
YOLOv11,Level_3,L3_21.png,0,0.0,0,0,1,0.0,0.0,0.0,0.0
YOLOv8,Level_3,L3_22.png,1,0.7536390423774719,0,1,1,0.0,0.0,0.0,0.0
YOLOv11,Level_3,L3_22.png,0,0.0,0,0,1,0.0,0.0,0.0,0.0
YOLOv8,Level_3,L3_23.png,2,0.7015520334243774,1,1,0,0.5,1.0,0.6666666666666666,0.7147957922413709
YOLOv11,Level_3,L3_23.png,1,0.4531806707382202,0,1,1,0.0,0.0,0.0,0.0
YOLOv8,Level_3,L3_24.png,2,0.6036489605903625,1,1,0,0.5,1.0,0.6666666666666666,0.5387857436916421
YOLOv11,Level_3,L3_24.png,1,0.8649147748947144,1,0,0,1.0,1.0,1.0,0.7639116248653143
YOLOv8,Level_3,L3_25.png,2,0.7829903364181519,1,1,0,0.5,1.0,0.6666666666666666,0.8014177657607958
YOLOv11,Level_3,L3_25.png,1,0.28116947412490845,1,0,0,1.0,1.0,1.0,0.763816159700862
